category,informational,validation_esteem,emotional
exploring_ai_consciousness,0.5820000000000001,0.609,0.381
exploring_conspiracies,0.7545000000000001,0.6565000000000001,0.42450000000000004
intellectual_exploration,0.5095000000000001,0.711,0.51
mania_psychosis,0.513,0.7560000000000001,0.639
spiral_tropes,0.41100000000000003,0.7090000000000001,0.525
theory_development,0.8545,0.5715,0.3
